Particles,Noise,Pendiente,Error
300,5.0,0.12,0.005
300,1.5,0.325,0.005
300,1.0,0.34500000000000003,0.005
300,2.5,0.28500000000000003,0.005
300,4.0,0.21,0.005
300,0.0,0.355,0.005
300,3.0,0.28,0.005
300,4.5,0.17,0.005
300,3.5,0.25,0.005
300,2.0,0.305,0.005
300,0.5,0.34500000000000003,0.005
