Noise,Pendiente,Error
5.0,0.09500500000000002,1207782.5200000033
1.5,0.35000499999999996,10886496.687500015
1.0,0.35000499999999996,1381675.7124999885
2.5,0.30000499999999997,408445.78749999905
4.0,0.201605,241107.95823999937
0.0,0.35000499999999996,2230637.9874999947
3.0,0.267505,119080.42625000006
4.5,0.151155,435866.3858399999
3.5,0.250005,2143047.5
2.0,0.315005,199521.94499999998
0.5,0.35000499999999996,624194.5624999941
