Density,Promedio_Resultado,Desviacion_Estandar
0.5,0.9999380923608011,6.307773717978846e-05
1.0,0.9999315263419778,0.0002169414928805081
1.5,0.9989967186550122,0.0011917397024499839
2.0,0.9999998275420392,5.237285872918759e-07
2.5,0.9999848007416177,3.7870865137325414e-05
3.0,0.9999563239606016,7.038114872818743e-05
