tiempo,polarization
0,0.5063834389588938
1,0.5019236520444502
2,0.49085360341007533
3,0.48037538081425935
4,0.4750613985865084
5,0.47232612918999123
6,0.47097921820829797
7,0.47099199094271876
8,0.4716601072915426
9,0.46920743786676344
10,0.46718774030847143
11,0.46754870565318596
12,0.4686091279501424
13,0.4696889607869989
14,0.4698098452698695
15,0.46975967155255716
16,0.4691334402302482
17,0.4718372250554643
18,0.47391904613271074
19,0.4727993193190953