tiempo,polarization
0,0.030790743597220428
1,0.0329263319420301
2,0.03511473078734433
3,0.03456169308057334
4,0.031129107193941206
5,0.035208459304164726
6,0.0386380786561906
7,0.04091837604150621
8,0.04391128758378681
9,0.03761981392920078
10,0.04117254415303614
11,0.044068717488802714
12,0.042007961215637844
13,0.039200983376259026
14,0.030460500337826168
15,0.025528462686043904
16,0.01957041026317822
17,0.020325948486495108
18,0.018902940876619794
19,0.013991336055377702