tiempo,polarization
0,0.5679776435680401
1,0.568727332970827
2,0.5688158379143101
3,0.5708506046665546
4,0.5745264798654773
5,0.5758101600426052
6,0.5418115039299026
7,0.46031687601617316
8,0.42629076151500717
9,0.41301045565175937
10,0.4069949301509575
11,0.5015367761644454
12,0.5186784070624318
13,0.5229663385699548
14,0.523926857614855
15,0.5247483670573615
16,0.5266968572842003
17,0.5262228429977553
18,0.5270869066092674
19,0.5280555801158406