tiempo,polarization
0,0.015838435076564118
1,0.00960814288126907
2,0.005753325487065688
3,0.0016487793474169604
4,0.0019248679259870729
5,0.004733435942574165
6,0.004803419888123206
7,0.004270204441971605
8,0.008896177490491049
9,0.008367625044871535
10,0.009678322730159276
11,0.010281539797139241
12,0.01531335378958943
13,0.012462009697762963
14,0.016408659737503075
15,0.01718398151714984
16,0.017132112339724212
17,0.019244831166770407
18,0.024943095975415476
19,0.026387277749868713