Noise,Promedio_Resultado,Desviacion_Estandar
3.25,0.3013727869033742,0.11635573461919227
4.25,0.1283345049266256,0.057476795136522395
4.75,0.06979260084285474,0.03528643223100329
